FPS, CUBES,
50, -1
50, 0
26, 1
72, 2
109, 3
248, 4
127, 5
228, 6
260, 7
121, 8
171, 9
136, 10
114, 11
249, 12
122, 13
226, 14
262, 15
124, 16
261, 17
264, 18
125, 19
272, 20
254, 21
278, 22
119, 23
248, 24
259, 25
121, 26
259, 27
269, 28
123, 29
276, 30
269, 31
123, 32
271, 33
255, 34
273, 35
124, 36
248, 37
263, 38
118, 39
254, 40
267, 41
124, 42
263, 43
272, 44
121, 45
245, 46
267, 47
120, 48
276, 49
250, 50
261, 51
118, 52
246, 53
252, 54
119, 55
254, 56
255, 57
122, 58
247, 59
266, 60
122, 61
266, 62
259, 63
120, 64
268, 65
266, 66
119, 67
267, 68
242, 69
114, 70
259, 71
243, 72
115, 73
254, 74
252, 75
253, 76
114, 77
238, 78
117, 79
246, 80
255, 81
274, 82
116, 83
251, 84
273, 85
118, 86
246, 87
265, 88
116, 89
251, 90
269, 91
115, 92
246, 93
270, 94
117, 95
249, 96
271, 97
116, 98
253, 99
277, 100
114, 101
248, 102
266, 103
115, 104
252, 105
262, 106
116, 107
258, 108
265, 109
112, 110
249, 111
262, 112
111, 113
235, 114
261, 115
116, 116
237, 117
257, 118
117, 119
248, 120
259, 121
117, 122
265, 123
252, 124
265, 125
117, 126
254, 127
251, 128
114, 129
259, 130
241, 131
112, 132
242, 133
263, 134
113, 135
213, 136
112, 137
249, 138
241, 139
113, 140
246, 141
252, 142
115, 143
242, 144
259, 145
116, 146
246, 147
261, 148
116, 149
221, 150
257, 151
117, 152
239, 153
254, 154
114, 155
235, 156
256, 157
114, 158
253, 159
257, 160
114, 161
259, 162
249, 163
116, 164
247, 165
259, 166
115, 167
251, 168
251, 169
112, 170
254, 171
256, 172
115, 173
248, 174
265, 175
110, 176
242, 177
269, 178
114, 179
248, 180
257, 181
112, 182
250, 183
252, 184
114, 185
254, 186
245, 187
114, 188
252, 189
261, 190
112, 191
253, 192
255, 193
115, 194
248, 195
254, 196
113, 197
231, 198
252, 199
114, 200
225, 201
268, 202
115, 203
260, 204
259, 205
118, 206
263, 207
256, 208
115, 209
217, 210
254, 211
116, 212
227, 213
255, 214
116, 215
248, 216
265, 217
116, 218
249, 219
261, 220
115, 221
247, 222
261, 223
108, 224
251, 225
261, 226
113, 227
258, 228
262, 229
114, 230
229, 231
257, 232
116, 233
260, 234
261, 235
116, 236
257, 237
261, 238
115, 239
242, 240
251, 241
115, 242
259, 243
251, 244
115, 245
253, 246
254, 247
113, 248
259, 249
257, 250
114, 251
252, 252
254, 253
263, 254
114, 255
247, 256
255, 257
114, 258
242, 259
267, 260
111, 261
244, 262
115, 263
235, 264
246, 265
114, 266
262, 267
239, 268
115, 269
236, 270
262, 271
115, 272
263, 273
242, 274
117, 275
266, 276
245, 277
116, 278
262, 279
261, 280
270, 281
116, 282
238, 283
272, 284
114, 285
237, 286
265, 287
112, 288
259, 289
263, 290
112, 291
240, 292
265, 293
116, 294
254, 295
268, 296
115, 297
241, 298
267, 299
115, 300
206, 301
235, 302
108, 303
233, 304
110, 305
252, 306
255, 307
116, 308
262, 309
264, 310
113, 311
264, 312
260, 313
113, 314
236, 315
219, 316
114, 317
261, 318
260, 319
115, 320
258, 321
251, 322
115, 323
271, 324
245, 325
115, 326
262, 327
250, 328
117, 329
259, 330
239, 331
114, 332
253, 333
252, 334
112, 335
246, 336
253, 337
114, 338
250, 339
249, 340
115, 341
247, 342
266, 343
113, 344
241, 345
265, 346
114, 347
252, 348
255, 349
110, 350
243, 351
261, 352
115, 353
257, 354
259, 355
111, 356
258, 357
254, 358
112, 359
267, 360
262, 361
115, 362
254, 363
260, 364
271, 365
113, 366
252, 367
270, 368
117, 369
251, 370
259, 371
111, 372
251, 373
257, 374
116, 375
255, 376
255, 377
114, 378
243, 379
253, 380
111, 381
251, 382
264, 383
115, 384
241, 385
242, 386
99, 387
220, 388
112, 389
221, 390
251, 391
116, 392
251, 393
267, 394
115, 395
226, 396
266, 397
117, 398
232, 399
270, 400
114, 401
248, 402
262, 403
115, 404
266, 405
270, 406
114, 407
255, 408
252, 409
109, 410
249, 411
263, 412
114, 413
254, 414
263, 415
114, 416
253, 417
267, 418
113, 419
250, 420
257, 421
113, 422
257, 423
260, 424
115, 425
237, 426
255, 427
111, 428
255, 429
267, 430
113, 431
263, 432
250, 433
110, 434
261, 435
267, 436
112, 437
257, 438
250, 439
111, 440
259, 441
249, 442
115, 443
261, 444
256, 445
110, 446
262, 447
251, 448
114, 449
249, 450
246, 451
112, 452
256, 453
258, 454
113, 455
250, 456
248, 457
115, 458
252, 459
244, 460
112, 461
230, 462
259, 463
115, 464
257, 465
265, 466
114, 467
251, 468
260, 469
114, 470
233, 471
259, 472
114, 473
248, 474
263, 475
115, 476
246, 477
260, 478
113, 479
245, 480
256, 481
115, 482
240, 483
262, 484
113, 485
238, 486
246, 487
112, 488
252, 489
263, 490
111, 491
234, 492
257, 493
113, 494
239, 495
251, 496
115, 497
258, 498
267, 499
114, 500
220, 501
262, 502
114, 503
249, 504
268, 505
113, 506
238, 507
257, 508
113, 509
247, 510
252, 511
113, 512
248, 513
259, 514
115, 515
257, 516
249, 517
114, 518
261, 519
234, 520
113, 521
240, 522
263, 523
116, 524
243, 525
264, 526
113, 527
236, 528
267, 529
114, 530
236, 531
257, 532
113, 533
244, 534
273, 535
112, 536
237, 537
266, 538
113, 539
251, 540
263, 541
115, 542
249, 543
259, 544
115, 545
259, 546
264, 547
112, 548
266, 549
266, 550
111, 551
247, 552
264, 553
115, 554
258, 555
253, 556
107, 557
231, 558
267, 559
113, 560
259, 561
266, 562
114, 563
258, 564
257, 565
113, 566
259, 567
266, 568
113, 569
261, 570
275, 571
112, 572
240, 573
252, 574
114, 575
232, 576
260, 577
113, 578
233, 579
251, 580
114, 581
257, 582
268, 583
113, 584
249, 585
251, 586
115, 587
246, 588
263, 589
112, 590
236, 591
261, 592
113, 593
233, 594
261, 595
115, 596
235, 597
265, 598
115, 599
236, 600
237, 601
114, 602
233, 603
255, 604
108, 605
251, 606
255, 607
113, 608
237, 609
266, 610
109, 611
243, 612
114, 613
243, 614
250, 615
113, 616
250, 617
256, 618
116, 619
254, 620
254, 621
115, 622
235, 623
245, 624
112, 625
245, 626
252, 627
112, 628
249, 629
250, 630
110, 631
247, 632
248, 633
115, 634
252, 635
250, 636
116, 637
251, 638
256, 639
114, 640
251, 641
254, 642
113, 643
229, 644
250, 645
114, 646
253, 647
259, 648
115, 649
233, 650
256, 651
112, 652
255, 653
259, 654
113, 655
227, 656
242, 657
114, 658
248, 659
266, 660
113, 661
250, 662
260, 663
112, 664
233, 665
268, 666
114, 667
241, 668
265, 669
109, 670
249, 671
274, 672
112, 673
212, 674
236, 675
111, 676
257, 677
259, 678
113, 679
247, 680
263, 681
113, 682
249, 683
257, 684
115, 685
253, 686
256, 687
114, 688
244, 689
245, 690
112, 691
243, 692
254, 693
112, 694
240, 695
113, 696
252, 697
251, 698
115, 699
250, 700
224, 701
112, 702
249, 703
259, 704
114, 705
254, 706
249, 707
112, 708
235, 709
256, 710
113, 711
245, 712
244, 713
113, 714
233, 715
266, 716
112, 717
246, 718
265, 719
112, 720
245, 721
271, 722
110, 723
251, 724
267, 725
112, 726
243, 727
257, 728
110, 729
243, 730
271, 731
113, 732
255, 733
265, 734
113, 735
246, 736
260, 737
110, 738
236, 739
264, 740
112, 741
238, 742
272, 743
112, 744
248, 745
250, 746
113, 747
259, 748
256, 749
113, 750
222, 751
268, 752
112, 753
248, 754
261, 755
113, 756
245, 757
249, 758
110, 759
234, 760
249, 761
108, 762
238, 763
111, 764
239, 765
258, 766
114, 767
233, 768
255, 769
113, 770
242, 771
266, 772
113, 773
235, 774
264, 775
114, 776
249, 777
258, 778
110, 779
241, 780
262, 781
112, 782
246, 783
263, 784
110, 785
256, 786
259, 787
108, 788
243, 789
270, 790
111, 791
235, 792
270, 793
112, 794
241, 795
265, 796
112, 797
251, 798
261, 799
110, 800
208, 801
270, 802
111, 803
252, 804
262, 805
111, 806
238, 807
113, 808
245, 809
257, 810
112, 811
261, 812
261, 813
261, 814
110, 815
225, 816
112, 817
249, 818
245, 819
114, 820
244, 821
259, 822
114, 823
246, 824
234, 825
112, 826
256, 827
244, 828
112, 829
246, 830
262, 831
111, 832
239, 833
257, 834
113, 835
238, 836
249, 837
112, 838
236, 839
264, 840
111, 841
248, 842
259, 843
111, 844
222, 845
260, 846
105, 847
239, 848
113, 849
245, 850
237, 851
110, 852
221, 853
256, 854
111, 855
241, 856
274, 857
110, 858
257, 859
253, 860
110, 861
250, 862
268, 863
113, 864
250, 865
258, 866
112, 867
264, 868
268, 869
109, 870
249, 871
241, 872
112, 873
247, 874
253, 875
114, 876
253, 877
257, 878
114, 879
256, 880
257, 881
113, 882
231, 883
268, 884
113, 885
224, 886
262, 887
115, 888
258, 889
243, 890
116, 891
240, 892
267, 893
113, 894
242, 895
256, 896
109, 897
237, 898
245, 899
105, 900
218, 901
112, 902
259, 903
252, 904
110, 905
238, 906
262, 907
112, 908
248, 909
254, 910
113, 911
247, 912
266, 913
112, 914
252, 915
259, 916
111, 917
248, 918
268, 919
111, 920
255, 921
253, 922
112, 923
258, 924
243, 925
112, 926
228, 927
259, 928
111, 929
226, 930
260, 931
113, 932
245, 933
253, 934
113, 935
233, 936
260, 937
113, 938
243, 939
262, 940
111, 941
242, 942
271, 943
109, 944
226, 945
112, 946
227, 947
249, 948
114, 949
222, 950
236, 951
112, 952
228, 953
257, 954
114, 955
248, 956
261, 957
113, 958
247, 959
263, 960
112, 961
236, 962
251, 963
108, 964
234, 965
259, 966
112, 967
247, 968
268, 969
112, 970
244, 971
262, 972
108, 973
239, 974
113, 975
232, 976
250, 977
111, 978
243, 979
253, 980
112, 981
251, 982
255, 983
109, 984
253, 985
256, 986
112, 987
249, 988
254, 989
115, 990
255, 991
255, 992
110, 993
249, 994
239, 995
113, 996
249, 997
260, 998
111, 999
235, 1000
214, 1001
110, 1002
218, 1003
111, 1004
245, 1005
248, 1006
114, 1007
226, 1008
256, 1009
113, 1010
230, 1011
256, 1012
115, 1013
239, 1014
255, 1015
113, 1016
250, 1017
251, 1018
112, 1019
249, 1020
256, 1021
109, 1022
238, 1023
259, 1024
112, 1025
200, 1026
237, 1027
107, 1028
247, 1029
110, 1030
229, 1031
234, 1032
102, 1033
238, 1034
260, 1035
107, 1036
244, 1037
234, 1038
111, 1039
243, 1040
253, 1041
109, 1042
235, 1043
110, 1044
242, 1045
237, 1046
111, 1047
232, 1048
251, 1049
113, 1050
248, 1051
257, 1052
113, 1053
244, 1054
243, 1055
111, 1056
248, 1057
258, 1058
112, 1059
237, 1060
264, 1061
112, 1062
236, 1063
259, 1064
111, 1065
216, 1066
260, 1067
106, 1068
237, 1069
111, 1070
241, 1071
260, 1072
114, 1073
249, 1074
239, 1075
113, 1076
234, 1077
261, 1078
109, 1079
246, 1080
255, 1081
111, 1082
246, 1083
259, 1084
109, 1085
250, 1086
255, 1087
112, 1088
251, 1089
264, 1090
109, 1091
233, 1092
245, 1093
112, 1094
246, 1095
243, 1096
110, 1097
247, 1098
243, 1099
109, 1100
206, 1101
107, 1102
253, 1103
240, 1104
113, 1105
243, 1106
255, 1107
113, 1108
230, 1109
259, 1110
112, 1111
225, 1112
256, 1113
112, 1114
248, 1115
262, 1116
105, 1117
229, 1118
110, 1119
243, 1120
235, 1121
108, 1122
243, 1123
257, 1124
110, 1125
243, 1126
268, 1127
109, 1128
235, 1129
259, 1130
111, 1131
242, 1132
256, 1133
110, 1134
242, 1135
268, 1136
108, 1137
241, 1138
257, 1139
110, 1140
254, 1141
268, 1142
109, 1143
233, 1144
107, 1145
251, 1146
252, 1147
109, 1148
226, 1149
262, 1150
111, 1151
240, 1152
253, 1153
109, 1154
236, 1155
244, 1156
111, 1157
242, 1158
248, 1159
108, 1160
244, 1161
263, 1162
109, 1163
228, 1164
110, 1165
235, 1166
235, 1167
109, 1168
226, 1169
248, 1170
112, 1171
227, 1172
258, 1173
113, 1174
232, 1175
255, 1176
110, 1177
237, 1178
254, 1179
110, 1180
242, 1181
111, 1182
241, 1183
251, 1184
109, 1185
220, 1186
258, 1187
105, 1188
237, 1189
259, 1190
109, 1191
242, 1192
256, 1193
104, 1194
215, 1195
110, 1196
228, 1197
239, 1198
110, 1199
249, 1200
226, 1201
111, 1202
243, 1203
250, 1204
112, 1205
244, 1206
250, 1207
113, 1208
239, 1209
245, 1210
113, 1211
250, 1212
233, 1213
106, 1214
230, 1215
112, 1216
221, 1217
248, 1218
112, 1219
240, 1220
250, 1221
111, 1222
218, 1223
258, 1224
112, 1225
245, 1226
252, 1227
111, 1228
242, 1229
261, 1230
108, 1231
232, 1232
249, 1233
109, 1234
242, 1235
110, 1236
250, 1237
237, 1238
109, 1239
245, 1240
255, 1241
110, 1242
251, 1243
255, 1244
111, 1245
238, 1246
256, 1247
111, 1248
241, 1249
254, 1250
110, 1251
250, 1252
268, 1253
111, 1254
232, 1255
257, 1256
109, 1257
242, 1258
253, 1259
104, 1260
245, 1261
107, 1262
227, 1263
239, 1264
113, 1265
254, 1266
250, 1267
109, 1268
235, 1269
247, 1270
111, 1271
233, 1272
262, 1273
109, 1274
242, 1275
251, 1276
109, 1277
235, 1278
106, 1279
247, 1280
235, 1281
104, 1282
224, 1283
260, 1284
111, 1285
242, 1286
254, 1287
107, 1288
225, 1289
258, 1290
106, 1291
241, 1292
111, 1293
221, 1294
246, 1295
105, 1296
220, 1297
248, 1298
108, 1299
242, 1300
230, 1301
107, 1302
239, 1303
107, 1304
249, 1305
256, 1306
106, 1307
246, 1308
247, 1309
112, 1310
254, 1311
261, 1312
109, 1313
239, 1314
260, 1315
110, 1316
235, 1317
254, 1318
111, 1319
247, 1320
245, 1321
109, 1322
238, 1323
110, 1324
251, 1325
242, 1326
108, 1327
246, 1328
248, 1329
110, 1330
236, 1331
244, 1332
108, 1333
233, 1334
249, 1335
109, 1336
238, 1337
260, 1338
109, 1339
229, 1340
110, 1341
241, 1342
244, 1343
110, 1344
225, 1345
259, 1346
108, 1347
235, 1348
253, 1349
107, 1350
237, 1351
259, 1352
105, 1353
233, 1354
254, 1355
108, 1356
250, 1357
108, 1358
241, 1359
255, 1360
104, 1361
230, 1362
246, 1363
107, 1364
237, 1365
265, 1366
110, 1367
204, 1368
108, 1369
235, 1370
232, 1371
111, 1372
243, 1373
245, 1374
109, 1375
237, 1376
246, 1377
110, 1378
238, 1379
250, 1380
110, 1381
233, 1382
247, 1383
103, 1384
227, 1385
110, 1386
238, 1387
266, 1388
110, 1389
228, 1390
249, 1391
111, 1392
231, 1393
249, 1394
109, 1395
228, 1396
230, 1397
108, 1398
222, 1399
59, 1400
99, 1401
21, 1402
51, 1403
111, 1404
106, 1405
227, 1406
246, 1407
50, 1408
108, 1409
227, 1410
107, 1411
221, 1412
102, 1413
238, 1414
254, 1415
114, 1416
244, 1417
252, 1418
113, 1419
245, 1420
250, 1421
108, 1422
232, 1423
247, 1424
112, 1425
230, 1426
110, 1427
249, 1428
246, 1429
111, 1430
236, 1431
250, 1432
107, 1433
230, 1434
209, 1435
108, 1436
236, 1437
247, 1438
101, 1439
212, 1440
100, 1441
209, 1442
232, 1443
102, 1444
232, 1445
107, 1446
228, 1447
248, 1448
110, 1449
229, 1450
258, 1451
110, 1452
221, 1453
254, 1454
109, 1455
228, 1456
109, 1457
239, 1458
247, 1459
106, 1460
219, 1461
247, 1462
109, 1463
230, 1464
246, 1465
109, 1466
235, 1467
108, 1468
249, 1469
257, 1470
109, 1471
237, 1472
248, 1473
111, 1474
247, 1475
251, 1476
112, 1477
248, 1478
250, 1479
109, 1480
243, 1481
240, 1482
108, 1483
245, 1484
258, 1485
107, 1486
233, 1487
267, 1488
107, 1489
230, 1490
111, 1491
235, 1492
252, 1493
108, 1494
238, 1495
260, 1496
106, 1497
233, 1498
260, 1499
108, 1500
211, 1501
246, 1502
106, 1503
243, 1504
105, 1505
244, 1506
260, 1507
107, 1508
238, 1509
255, 1510
105, 1511
223, 1512
246, 1513
109, 1514
237, 1515
103, 1516
242, 1517
255, 1518
104, 1519
216, 1520
239, 1521
101, 1522
224, 1523
107, 1524
237, 1525
245, 1526
108, 1527
250, 1528
245, 1529
108, 1530
246, 1531
254, 1532
105, 1533
232, 1534
246, 1535
101, 1536
234, 1537
103, 1538
230, 1539
221, 1540
97, 1541
223, 1542
103, 1543
232, 1544
251, 1545
106, 1546
230, 1547
262, 1548
98, 1549
234, 1550
106, 1551
230, 1552
248, 1553
105, 1554
245, 1555
250, 1556
102, 1557
242, 1558
105, 1559
248, 1560
241, 1561
106, 1562
249, 1563
245, 1564
106, 1565
238, 1566
257, 1567
102, 1568
240, 1569
103, 1570
246, 1571
254, 1572
103, 1573
251, 1574
247, 1575
104, 1576
246, 1577
259, 1578
106, 1579
239, 1580
254, 1581
102, 1582
230, 1583
106, 1584
247, 1585
245, 1586
104, 1587
216, 1588
251, 1589
105, 1590
231, 1591
107, 1592
215, 1593
245, 1594
107, 1595
248, 1596
254, 1597
101, 1598
237, 1599
106, 1600
207, 1601
267, 1602
104, 1603
242, 1604
252, 1605
104, 1606
232, 1607
260, 1608
99, 1609
238, 1610
106, 1611
235, 1612
239, 1613
106, 1614
234, 1615
260, 1616
103, 1617
233, 1618
106, 1619
240, 1620
255, 1621
103, 1622
229, 1623
258, 1624
100, 1625
247, 1626
248, 1627
103, 1628
241, 1629
100, 1630
235, 1631
261, 1632
103, 1633
237, 1634
249, 1635
101, 1636
241, 1637
104, 1638
239, 1639
246, 1640
103, 1641
242, 1642
237, 1643
104, 1644
233, 1645
103, 1646
239, 1647
251, 1648
102, 1649
240, 1650
251, 1651
104, 1652
232, 1653
102, 1654
228, 1655
260, 1656
104, 1657
239, 1658
260, 1659
98, 1660
230, 1661
103, 1662
230, 1663
225, 1664
95, 1665
219, 1666
99, 1667
236, 1668
256, 1669
106, 1670
241, 1671
251, 1672
97, 1673
233, 1674
101, 1675
239, 1676
254, 1677
101, 1678
236, 1679
249, 1680
101, 1681
235, 1682
100, 1683
250, 1684
255, 1685
104, 1686
232, 1687
269, 1688
102, 1689
235, 1690
102, 1691
224, 1692
253, 1693
103, 1694
246, 1695
225, 1696
102, 1697
236, 1698
103, 1699
237, 1700
220, 1701
103, 1702
237, 1703
245, 1704
103, 1705
234, 1706
104, 1707
232, 1708
263, 1709
104, 1710
219, 1711
259, 1712
99, 1713
224, 1714
102, 1715
234, 1716
250, 1717
104, 1718
236, 1719
257, 1720
102, 1721
232, 1722
102, 1723
241, 1724
243, 1725
104, 1726
237, 1727
257, 1728
103, 1729
236, 1730
100, 1731
242, 1732
253, 1733
102, 1734
242, 1735
252, 1736
100, 1737
233, 1738
99, 1739
241, 1740
235, 1741
102, 1742
242, 1743
248, 1744
101, 1745
234, 1746
102, 1747
236, 1748
245, 1749
102, 1750
220, 1751
102, 1752
235, 1753
253, 1754
104, 1755
242, 1756
253, 1757
100, 1758
237, 1759
250, 1760
101, 1761
233, 1762
104, 1763
243, 1764
253, 1765
100, 1766
233, 1767
253, 1768
98, 1769
238, 1770
101, 1771
234, 1772
252, 1773
95, 1774
214, 1775
101, 1776
249, 1777
235, 1778
102, 1779
221, 1780
103, 1781
242, 1782
245, 1783
100, 1784
238, 1785
251, 1786
93, 1787
214, 1788
98, 1789
241, 1790
249, 1791
102, 1792
233, 1793
102, 1794
234, 1795
235, 1796
101, 1797
236, 1798
237, 1799
102, 1800
196, 1801
101, 1802
231, 1803
257, 1804
100, 1805
238, 1806
99, 1807
233, 1808
250, 1809
101, 1810
236, 1811
104, 1812
233, 1813
245, 1814
100, 1815
239, 1816
244, 1817
100, 1818
237, 1819
100, 1820
237, 1821
245, 1822
100, 1823
231, 1824
243, 1825
100, 1826
244, 1827
102, 1828
236, 1829
257, 1830
102, 1831
234, 1832
256, 1833
98, 1834
236, 1835
99, 1836
239, 1837
249, 1838
103, 1839
213, 1840
102, 1841
246, 1842
239, 1843
101, 1844
238, 1845
250, 1846
103, 1847
227, 1848
101, 1849
230, 1850
240, 1851
99, 1852
230, 1853
259, 1854
101, 1855
227, 1856
98, 1857
235, 1858
242, 1859
96, 1860
235, 1861
101, 1862
240, 1863
248, 1864
99, 1865
217, 1866
98, 1867
209, 1868
245, 1869
98, 1870
233, 1871
99, 1872
237, 1873
259, 1874
99, 1875
234, 1876
259, 1877
92, 1878
232, 1879
96, 1880
223, 1881
96, 1882
242, 1883
248, 1884
98, 1885
235, 1886
250, 1887
95, 1888
226, 1889
99, 1890
234, 1891
243, 1892
101, 1893
239, 1894
100, 1895
242, 1896
249, 1897
99, 1898
225, 1899
100, 1900
215, 1901
236, 1902
97, 1903
231, 1904
99, 1905
226, 1906
231, 1907
95, 1908
225, 1909
100, 1910
224, 1911
247, 1912
95, 1913
223, 1914
100, 1915
240, 1916
246, 1917
100, 1918
233, 1919
256, 1920
99, 1921
229, 1922
99, 1923
240, 1924
255, 1925
95, 1926
241, 1927
99, 1928
226, 1929
246, 1930
99, 1931
231, 1932
97, 1933
223, 1934
254, 1935
98, 1936
223, 1937
96, 1938
233, 1939
255, 1940
99, 1941
233, 1942
257, 1943
99, 1944
229, 1945
96, 1946
240, 1947
247, 1948
95, 1949
233, 1950
99, 1951
240, 1952
239, 1953
96, 1954
231, 1955
97, 1956
239, 1957
251, 1958
96, 1959
229, 1960
96, 1961
224, 1962
235, 1963
98, 1964
232, 1965
100, 1966
230, 1967
253, 1968
95, 1969
218, 1970
100, 1971
226, 1972
251, 1973
96, 1974
232, 1975
96, 1976
227, 1977
259, 1978
99, 1979
230, 1980
100, 1981
237, 1982
251, 1983
98, 1984
238, 1985
248, 1986
97, 1987
241, 1988
98, 1989
236, 1990
245, 1991
91, 1992
229, 1993
95, 1994
224, 1995
258, 1996
98, 1997
239, 1998
97, 1999
218, 2000
219, 2001
96, 2002
239, 2003
96, 2004
242, 2005
245, 2006
97, 2007
237, 2008
96, 2009
239, 2010
240, 2011
98, 2012
223, 2013
98, 2014
231, 2015
246, 2016
94, 2017
231, 2018
97, 2019
220, 2020
252, 2021
92, 2022
227, 2023
87, 2024
217, 2025
99, 2026
228, 2027
252, 2028
94, 2029
244, 2030
96, 2031
229, 2032
252, 2033
96, 2034
230, 2035
95, 2036
213, 2037
94, 2038
224, 2039
252, 2040
97, 2041
234, 2042
97, 2043
239, 2044
247, 2045
95, 2046
234, 2047
97, 2048
233, 2049
254, 2050
96, 2051
235, 2052
243, 2053
95, 2054
213, 2055
98, 2056
238, 2057
98, 2058
238, 2059
242, 2060
95, 2061
221, 2062
98, 2063
234, 2064
238, 2065
98, 2066
223, 2067
93, 2068
233, 2069
252, 2070
96, 2071
218, 2072
92, 2073
213, 2074
256, 2075
96, 2076
239, 2077
95, 2078
225, 2079
250, 2080
94, 2081
236, 2082
98, 2083
223, 2084
250, 2085
94, 2086
241, 2087
95, 2088
225, 2089
95, 2090
230, 2091
259, 2092
95, 2093
238, 2094
96, 2095
239, 2096
247, 2097
96, 2098
236, 2099
256, 2100
89, 2101
241, 2102
95, 2103
233, 2104
94, 2105
240, 2106
246, 2107
93, 2108
234, 2109
94, 2110
219, 2111
248, 2112
96, 2113
228, 2114
93, 2115
203, 2116
92, 2117
224, 2118
242, 2119
96, 2120
218, 2121
95, 2122
224, 2123
252, 2124
92, 2125
230, 2126
93, 2127
231, 2128
95, 2129
229, 2130
248, 2131
95, 2132
227, 2133
93, 2134
219, 2135
247, 2136
84, 2137
224, 2138
89, 2139
233, 2140
92, 2141
230, 2142
94, 2143
224, 2144
244, 2145
94, 2146
230, 2147
91, 2148
230, 2149
253, 2150
92, 2151
235, 2152
92, 2153
221, 2154
92, 2155
239, 2156
225, 2157
92, 2158
235, 2159
96, 2160
242, 2161
243, 2162
95, 2163
229, 2164
92, 2165
212, 2166
94, 2167
222, 2168
242, 2169
92, 2170
240, 2171
94, 2172
215, 2173
260, 2174
91, 2175
240, 2176
94, 2177
230, 2178
96, 2179
228, 2180
238, 2181
94, 2182
231, 2183
88, 2184
221, 2185
93, 2186
237, 2187
248, 2188
91, 2189
231, 2190
92, 2191
231, 2192
257, 2193
90, 2194
233, 2195
93, 2196
225, 2197
92, 2198
228, 2199
252, 2200
88, 2201
239, 2202
93, 2203
236, 2204
90, 2205
232, 2206
244, 2207
90, 2208
218, 2209
94, 2210
236, 2211
243, 2212
91, 2213
229, 2214
93, 2215
223, 2216
92, 2217
222, 2218
241, 2219
91, 2220
235, 2221
92, 2222
217, 2223
94, 2224
228, 2225
245, 2226
91, 2227
234, 2228
92, 2229
224, 2230
88, 2231
229, 2232
251, 2233
91, 2234
239, 2235
92, 2236
238, 2237
57, 2238
70, 2239
129, 2240
69, 2241
66, 2242
66, 2243
69, 2244
29, 2245
54, 2246
54, 2247
88, 2248
211, 2249
96, 2250
229, 2251
247, 2252
97, 2253
232, 2254
93, 2255
230, 2256
241, 2257
95, 2258
220, 2259
90, 2260
232, 2261
95, 2262
229, 2263
244, 2264
92, 2265
237, 2266
91, 2267
225, 2268
89, 2269
230, 2270
251, 2271
92, 2272
231, 2273
91, 2274
227, 2275
92, 2276
229, 2277
245, 2278
88, 2279
234, 2280
87, 2281
229, 2282
92, 2283
223, 2284
247, 2285
91, 2286
235, 2287
93, 2288
234, 2289
91, 2290
237, 2291
241, 2292
91, 2293
219, 2294
87, 2295
205, 2296
90, 2297
220, 2298
91, 2299
226, 2300
224, 2301
89, 2302
227, 2303
89, 2304
220, 2305
91, 2306
225, 2307
252, 2308
89, 2309
236, 2310
90, 2311
230, 2312
90, 2313
223, 2314
91, 2315
237, 2316
247, 2317
89, 2318
231, 2319
89, 2320
231, 2321
86, 2322
224, 2323
250, 2324
89, 2325
247, 2326
83, 2327
228, 2328
89, 2329
220, 2330
90, 2331
224, 2332
235, 2333
88, 2334
237, 2335
88, 2336
244, 2337
89, 2338
237, 2339
82, 2340
221, 2341
84, 2342
218, 2343
91, 2344
246, 2345
246, 2346
88, 2347
218, 2348
92, 2349
229, 2350
88, 2351
216, 2352
243, 2353
87, 2354
230, 2355
88, 2356
227, 2357
89, 2358
227, 2359
88, 2360
218, 2361
84, 2362
237, 2363
253, 2364
88, 2365
233, 2366
87, 2367
229, 2368
85, 2369
211, 2370
83, 2371
220, 2372
87, 2373
227, 2374
89, 2375
235, 2376
248, 2377
85, 2378
239, 2379
86, 2380
232, 2381
87, 2382
233, 2383
89, 2384
221, 2385
236, 2386
84, 2387
231, 2388
88, 2389
242, 2390
90, 2391
239, 2392
86, 2393
226, 2394
249, 2395
89, 2396
234, 2397
89, 2398
222, 2399
86, 2400
196, 2401
83, 2402
203, 2403
86, 2404
229, 2405
89, 2406
217, 2407
249, 2408
87, 2409
237, 2410
87, 2411
229, 2412
87, 2413
235, 2414
85, 2415
228, 2416
87, 2417
230, 2418
263, 2419
88, 2420
236, 2421
87, 2422
229, 2423
84, 2424
236, 2425
88, 2426
230, 2427
247, 2428
88, 2429
233, 2430
86, 2431
237, 2432
87, 2433
235, 2434
83, 2435
221, 2436
87, 2437
232, 2438
243, 2439
87, 2440
234, 2441
88, 2442
224, 2443
78, 2444
212, 2445
83, 2446
238, 2447
87, 2448
225, 2449
88, 2450
234, 2451
86, 2452
218, 2453
236, 2454
86, 2455
233, 2456
85, 2457
233, 2458
82, 2459
237, 2460
86, 2461
230, 2462
83, 2463
235, 2464
88, 2465
233, 2466
250, 2467
86, 2468
246, 2469
83, 2470
239, 2471
85, 2472
222, 2473
82, 2474
221, 2475
85, 2476
237, 2477
86, 2478
235, 2479
237, 2480
78, 2481
83, 2482
231, 2483
236, 2484
81, 2485
228, 2486
79, 2487
85, 2488
222, 2489
244, 2490
86, 2491
235, 2492
83, 2493
233, 2494
85, 2495
241, 2496
85, 2497
235, 2498
86, 2499
223, 2500
84, 2501
228, 2502
246, 2503
86, 2504
230, 2505
85, 2506
235, 2507
87, 2508
225, 2509
85, 2510
234, 2511
86, 2512
235, 2513
254, 2514
81, 2515
224, 2516
85, 2517
225, 2518
82, 2519
228, 2520
79, 2521
231, 2522
85, 2523
243, 2524
86, 2525
235, 2526
83, 2527
228, 2528
82, 2529
235, 2530
86, 2531
208, 2532
85, 2533
227, 2534
85, 2535
227, 2536
252, 2537
86, 2538
234, 2539
84, 2540
230, 2541
77, 2542
216, 2543
82, 2544
218, 2545
82, 2546
236, 2547
82, 2548
234, 2549
80, 2550
230, 2551
82, 2552
219, 2553
82, 2554
223, 2555
83, 2556
222, 2557
84, 2558
225, 2559
83, 2560
235, 2561
80, 2562
225, 2563
83, 2564
224, 2565
81, 2566
241, 2567
81, 2568
222, 2569
77, 2570
232, 2571
84, 2572
232, 2573
84, 2574
223, 2575
85, 2576
216, 2577
83, 2578
230, 2579
84, 2580
234, 2581
243, 2582
83, 2583
216, 2584
83, 2585
239, 2586
82, 2587
235, 2588
82, 2589
230, 2590
83, 2591
216, 2592
80, 2593
221, 2594
81, 2595
234, 2596
82, 2597
225, 2598
83, 2599
229, 2600
84, 2601
230, 2602
83, 2603
224, 2604
83, 2605
231, 2606
83, 2607
233, 2608
84, 2609
216, 2610
83, 2611
217, 2612
82, 2613
227, 2614
84, 2615
221, 2616
250, 2617
80, 2618
241, 2619
82, 2620
234, 2621
78, 2622
241, 2623
77, 2624
219, 2625
83, 2626
237, 2627
84, 2628
210, 2629
68, 2630
81, 2631
225, 2632
81, 2633
232, 2634
78, 2635
212, 2636
81, 2637
225, 2638
80, 2639
232, 2640
85, 2641
225, 2642
82, 2643
227, 2644
82, 2645
235, 2646
82, 2647
229, 2648
83, 2649
209, 2650
82, 2651
235, 2652
82, 2653
216, 2654
83, 2655
227, 2656
81, 2657
220, 2658
80, 2659
229, 2660
81, 2661
232, 2662
81, 2663
226, 2664
79, 2665
212, 2666
80, 2667
214, 2668
76, 2669
223, 2670
81, 2671
228, 2672
78, 2673
235, 2674
79, 2675
229, 2676
81, 2677
245, 2678
80, 2679
235, 2680
78, 2681
239, 2682
82, 2683
240, 2684
82, 2685
236, 2686
77, 2687
238, 2688
79, 2689
230, 2690
80, 2691
241, 2692
78, 2693
243, 2694
82, 2695
231, 2696
75, 2697
227, 2698
81, 2699
227, 2700
80, 2701
81, 2702
217, 2703
80, 2704
212, 2705
82, 2706
222, 2707
83, 2708
223, 2709
82, 2710
226, 2711
81, 2712
223, 2713
81, 2714
219, 2715
79, 2716
210, 2717
79, 2718
227, 2719
76, 2720
229, 2721
81, 2722
242, 2723
79, 2724
226, 2725
74, 2726
234, 2727
74, 2728
78, 2729
220, 2730
76, 2731
229, 2732
76, 2733
235, 2734
77, 2735
225, 2736
77, 2737
242, 2738
80, 2739
229, 2740
80, 2741
229, 2742
74, 2743
79, 2744
230, 2745
79, 2746
227, 2747
76, 2748
221, 2749
79, 2750
228, 2751
79, 2752
220, 2753
73, 2754
224, 2755
79, 2756
75, 2757
226, 2758
76, 2759
224, 2760
76, 2761
230, 2762
77, 2763
228, 2764
79, 2765
232, 2766
76, 2767
238, 2768
74, 2769
75, 2770
223, 2771
80, 2772
225, 2773
79, 2774
223, 2775
77, 2776
223, 2777
79, 2778
217, 2779
74, 2780
79, 2781
218, 2782
78, 2783
225, 2784
76, 2785
220, 2786
78, 2787
223, 2788
78, 2789
234, 2790
76, 2791
210, 2792
78, 2793
80, 2794
213, 2795
79, 2796
227, 2797
78, 2798
232, 2799
79, 2800
204, 2801
74, 2802
230, 2803
76, 2804
232, 2805
79, 2806
242, 2807
77, 2808
76, 2809
226, 2810
78, 2811
217, 2812
74, 2813
204, 2814
76, 2815
236, 2816
76, 2817
76, 2818
228, 2819
78, 2820
227, 2821
79, 2822
220, 2823
72, 2824
236, 2825
76, 2826
229, 2827
78, 2828
73, 2829
211, 2830
79, 2831
231, 2832
77, 2833
226, 2834
77, 2835
231, 2836
74, 2837
79, 2838
201, 2839
76, 2840
226, 2841
78, 2842
232, 2843
77, 2844
227, 2845
78, 2846
235, 2847
77, 2848
229, 2849
76, 2850
73, 2851
225, 2852
73, 2853
228, 2854
77, 2855
233, 2856
77, 2857
222, 2858
77, 2859
72, 2860
210, 2861
78, 2862
222, 2863
77, 2864
211, 2865
76, 2866
233, 2867
73, 2868
77, 2869
209, 2870
78, 2871
230, 2872
75, 2873
226, 2874
76, 2875
233, 2876
73, 2877
74, 2878
222, 2879
76, 2880
237, 2881
75, 2882
231, 2883
76, 2884
75, 2885
226, 2886
76, 2887
222, 2888
74, 2889
222, 2890
77, 2891
229, 2892
74, 2893
73, 2894
221, 2895
72, 2896
213, 2897
71, 2898
73, 2899
228, 2900
73, 2901
233, 2902
75, 2903
73, 2904
220, 2905
74, 2906
233, 2907
76, 2908
231, 2909
73, 2910
68, 2911
235, 2912
77, 2913
230, 2914
77, 2915
233, 2916
74, 2917
75, 2918
225, 2919
76, 2920
233, 2921
74, 2922
235, 2923
71, 2924
74, 2925
227, 2926
73, 2927
230, 2928
74, 2929
223, 2930
68, 2931
75, 2932
230, 2933
74, 2934
233, 2935
70, 2936
75, 2937
225, 2938
76, 2939
232, 2940
74, 2941
225, 2942
69, 2943
75, 2944
229, 2945
74, 2946
227, 2947
75, 2948
74, 2949
234, 2950
76, 2951
238, 2952
76, 2953
222, 2954
75, 2955
222, 2956
74, 2957
74, 2958
230, 2959
67, 2960
73, 2961
219, 2962
75, 2963
218, 2964
71, 2965
73, 2966
221, 2967
75, 2968
211, 2969
74, 2970
239, 2971
71, 2972
72, 2973
231, 2974
73, 2975
231, 2976
65, 2977
72, 2978
218, 2979
71, 2980
70, 2981
236, 2982
70, 2983
74, 2984
214, 2985
75, 2986
233, 2987
72, 2988
75, 2989
223, 2990
70, 2991
217, 2992
75, 2993
231, 2994
74, 2995
74, 2996
214, 2997
74, 2998
219, 2999
75, 3000
72, 3001
228, 3002
72, 3003
231, 3004
69, 3005
71, 3006
229, 3007
71, 3008
231, 3009
71, 3010
74, 3011
231, 3012
73, 3013
234, 3014
69, 3015
72, 3016
234, 3017
73, 3018
235, 3019
73, 3020
72, 3021
229, 3022
73, 3023
229, 3024
73, 3025
74, 3026
215, 3027
74, 3028
220, 3029
74, 3030
72, 3031
218, 3032
70, 3033
219, 3034
67, 3035
70, 3036
236, 3037
68, 3038
71, 3039
231, 3040
67, 3041
70, 3042
230, 3043
72, 3044
70, 3045
230, 3046
73, 3047
230, 3048
71, 3049
72, 3050
221, 3051
70, 3052
70, 3053
212, 3054
69, 3055
69, 3056
213, 3057
73, 3058
225, 3059
74, 3060
73, 3061
225, 3062
72, 3063
229, 3064
73, 3065
73, 3066
218, 3067
69, 3068
223, 3069
72, 3070
69, 3071
232, 3072
67, 3073
72, 3074
228, 3075
70, 3076
71, 3077
230, 3078
71, 3079
219, 3080
71, 3081
72, 3082
233, 3083
73, 3084
236, 3085
72, 3086
73, 3087
224, 3088
70, 3089
223, 3090
70, 3091
72, 3092
228, 3093
71, 3094
73, 3095
220, 3096
71, 3097
225, 3098
69, 3099
67, 3100
203, 3101
68, 3102
71, 3103
234, 3104
69, 3105
72, 3106
235, 3107
72, 3108
71, 3109
219, 3110
72, 3111
230, 3112
69, 3113
67, 3114
230, 3115
71, 3116
69, 3117
230, 3118
71, 3119
68, 3120
230, 3121
68, 3122
70, 3123
227, 3124
64, 3125
68, 3126
234, 3127
71, 3128
70, 3129
223, 3130
72, 3131
72, 3132
218, 3133
71, 3134
224, 3135
70, 3136
72, 3137
228, 3138
70, 3139
70, 3140
227, 3141
71, 3142
231, 3143
70, 3144
70, 3145
229, 3146
70, 3147
70, 3148
225, 3149
71, 3150
69, 3151
228, 3152
67, 3153
72, 3154
227, 3155
69, 3156
231, 3157
67, 3158
68, 3159
67, 3160
222, 3161
69, 3162
69, 3163
233, 3164
70, 3165
70, 3166
220, 3167
68, 3168
70, 3169
218, 3170
69, 3171
68, 3172
214, 3173
68, 3174
69, 3175
232, 3176
71, 3177
235, 3178
70, 3179
68, 3180
232, 3181
68, 3182
70, 3183
230, 3184
69, 3185
69, 3186
239, 3187
69, 3188
70, 3189
227, 3190
69, 3191
66, 3192
225, 3193
65, 3194
68, 3195
222, 3196
64, 3197
70, 3198
68, 3199
225, 3200
64, 3201
65, 3202
71, 3203
218, 3204
70, 3205
229, 3206
68, 3207
69, 3208
226, 3209
66, 3210
68, 3211
70, 3212
222, 3213
68, 3214
68, 3215
227, 3216
68, 3217
67, 3218
231, 3219
67, 3220
68, 3221
232, 3222
69, 3223
66, 3224
227, 3225
71, 3226
68, 3227
228, 3228
69, 3229
69, 3230
219, 3231
68, 3232
66, 3233
70, 3234
224, 3235
69, 3236
234, 3237
68, 3238
69, 3239
234, 3240
67, 3241
69, 3242
67, 3243
233, 3244
66, 3245
70, 3246
221, 3247
68, 3248
67, 3249
228, 3250
66, 3251
65, 3252
66, 3253
230, 3254
65, 3255
67, 3256
238, 3257
67, 3258
64, 3259
65, 3260
221, 3261
65, 3262
63, 3263
66, 3264
68, 3265
231, 3266
66, 3267
67, 3268
234, 3269
65, 3270
67, 3271
65, 3272
230, 3273
66, 3274
66, 3275
223, 3276
66, 3277
67, 3278
69, 3279
228, 3280
69, 3281
66, 3282
228, 3283
66, 3284
58, 3285
57, 3286
55, 3287
60, 3288
61, 3289
60, 3290
50, 3291
56, 3292
57, 3293
60, 3294
58, 3295
53, 3296
55, 3297
61, 3298
58, 3299
55, 3300
54, 3301
57, 3302
52, 3303
29, 3304
31, 3305
33, 3306
54, 3307
50, 3308
34, 3309
53, 3310
52, 3311
32, 3312
54, 3313
31, 3314
54, 3315
32, 3316
52, 3317
33, 3318
53, 3319
53, 3320
31, 3321
54, 3322
33, 3323
57, 3324
58, 3325
60, 3326
61, 3327
68, 3328
69, 3329
53, 3330
54, 3331
55, 3332
56, 3333
31, 3334
59, 3335
67, 3336
62, 3337
65, 3338
66, 3339
65, 3340
60, 3341
63, 3342
63, 3343
63, 3344
66, 3345
64, 3346
62, 3347
60, 3348
60, 3349
59, 3350
55, 3351
59, 3352
59, 3353
65, 3354
65, 3355
65, 3356
234, 3357
66, 3358
67, 3359
64, 3360
223, 3361
64, 3362
64, 3363
65, 3364
218, 3365
65, 3366
65, 3367
66, 3368
65, 3369
224, 3370
63, 3371
66, 3372
64, 3373
224, 3374
64, 3375
63, 3376
65, 3377
63, 3378
237, 3379
65, 3380
64, 3381
62, 3382
64, 3383
227, 3384
65, 3385
63, 3386
65, 3387
225, 3388
64, 3389
62, 3390
65, 3391
65, 3392
218, 3393
65, 3394
63, 3395
65, 3396
62, 3397
235, 3398
60, 3399
64, 3400
63, 3401
63, 3402
63, 3403
233, 3404
63, 3405
61, 3406
64, 3407
60, 3408
63, 3409
64, 3410
218, 3411
64, 3412
63, 3413
61, 3414
64, 3415
64, 3416
235, 3417
64, 3418
62, 3419
64, 3420
64, 3421
232, 3422
62, 3423
63, 3424
62, 3425
62, 3426
62, 3427
223, 3428
63, 3429
63, 3430
62, 3431
64, 3432
64, 3433
222, 3434
63, 3435
62, 3436
61, 3437
62, 3438
63, 3439
63, 3440
229, 3441
63, 3442
62, 3443
64, 3444
64, 3445
227, 3446
62, 3447
64, 3448
59, 3449
62, 3450
64, 3451
62, 3452
226, 3453
64, 3454
62, 3455
62, 3456
62, 3457
64, 3458
63, 3459
226, 3460
62, 3461
62, 3462
56, 3463
60, 3464
63, 3465
64, 3466
64, 3467
243, 3468
62, 3469
61, 3470
63, 3471
62, 3472
63, 3473
62, 3474
227, 3475
63, 3476
61, 3477
60, 3478
63, 3479
61, 3480
62, 3481
63, 3482
63, 3483
228, 3484
61, 3485
60, 3486
59, 3487
62, 3488
63, 3489
61, 3490
62, 3491
60, 3492
63, 3493
228, 3494
63, 3495
60, 3496
61, 3497
61, 3498
61, 3499
62, 3500
63, 3501
60, 3502
220, 3503
62, 3504
61, 3505
62, 3506
60, 3507
61, 3508
60, 3509
61, 3510
62, 3511
62, 3512
62, 3513
223, 3514
59, 3515
57, 3516
52, 3517
61, 3518
60, 3519
62, 3520
62, 3521
59, 3522
60, 3523
62, 3524
62, 3525
62, 3526
61, 3527
61, 3528
59, 3529
62, 3530
62, 3531
61, 3532
63, 3533
226, 3534
63, 3535
61, 3536
61, 3537
61, 3538
62, 3539
60, 3540
62, 3541
62, 3542
227, 3543
60, 3544
61, 3545
58, 3546
59, 3547
61, 3548
59, 3549
60, 3550
60, 3551
59, 3552
61, 3553
61, 3554
62, 3555
61, 3556
60, 3557
60, 3558
59, 3559
59, 3560
59, 3561
60, 3562
60, 3563
54, 3564
59, 3565
61, 3566
61, 3567
61, 3568
60, 3569
59, 3570
58, 3571
59, 3572
60, 3573
59, 3574
60, 3575
60, 3576
59, 3577
58, 3578
60, 3579
60, 3580
59, 3581
60, 3582
60, 3583
60, 3584
60, 3585
59, 3586
59, 3587
58, 3588
60, 3589
60, 3590
57, 3591
59, 3592
59, 3593
60, 3594
60, 3595
61, 3596
59, 3597
60, 3598
61, 3599
61, 3600
60, 3601
58, 3602
60, 3603
57, 3604
59, 3605
60, 3606
60, 3607
60, 3608
59, 3609
55, 3610
57, 3611
59, 3612
61, 3613
58, 3614
59, 3615
60, 3616
60, 3617
60, 3618
60, 3619
58, 3620
59, 3621
58, 3622
60, 3623
59, 3624
60, 3625
59, 3626
61, 3627
60, 3628
60, 3629
60, 3630
59, 3631
60, 3632
58, 3633
60, 3634
60, 3635
58, 3636
59, 3637
59, 3638
60, 3639
58, 3640
59, 3641
60, 3642
57, 3643
58, 3644
59, 3645
59, 3646
57, 3647
58, 3648
58, 3649
60, 3650
57, 3651
60, 3652
58, 3653
60, 3654
60, 3655
56, 3656
59, 3657
58, 3658
59, 3659
59, 3660
58, 3661
59, 3662
57, 3663
58, 3664
58, 3665
58, 3666
59, 3667
57, 3668
58, 3669
60, 3670
59, 3671
59, 3672
57, 3673
31, 3674
54, 3675
34, 3676
58, 3677
58, 3678
57, 3679
57, 3680
59, 3681
59, 3682
57, 3683
59, 3684
59, 3685
34, 3686
58, 3687
57, 3688
58, 3689
58, 3690
57, 3691
58, 3692
58, 3693
58, 3694
58, 3695
34, 3696
59, 3697
53, 3698
56, 3699
57, 3700
33, 3701
58, 3702
57, 3703
57, 3704
57, 3705
56, 3706
57, 3707
34, 3708
57, 3709
58, 3710
57, 3711
57, 3712
58, 3713
58, 3714
58, 3715
33, 3716
56, 3717
58, 3718
56, 3719
58, 3720
58, 3721
57, 3722
33, 3723
58, 3724
58, 3725
58, 3726
57, 3727
57, 3728
59, 3729
57, 3730
34, 3731
58, 3732
56, 3733
57, 3734
57, 3735
57, 3736
33, 3737
56, 3738
52, 3739
32, 3740
56, 3741
57, 3742
57, 3743
55, 3744
34, 3745
56, 3746
57, 3747
56, 3748
57, 3749
33, 3750
56, 3751
56, 3752
57, 3753
57, 3754
33, 3755
57, 3756
56, 3757
57, 3758
55, 3759
32, 3760
57, 3761
55, 3762
33, 3763
56, 3764
56, 3765
56, 3766
56, 3767
32, 3768
56, 3769
55, 3770
33, 3771
57, 3772
55, 3773
56, 3774
32, 3775
52, 3776
33, 3777
56, 3778
55, 3779
55, 3780
33, 3781
55, 3782
56, 3783
56, 3784
33, 3785
56, 3786
55, 3787
57, 3788
33, 3789
56, 3790
57, 3791
54, 3792
32, 3793
55, 3794
51, 3795
33, 3796
55, 3797
32, 3798
55, 3799
57, 3800
33, 3801
56, 3802
56, 3803
56, 3804
32, 3805
55, 3806
55, 3807
32, 3808
54, 3809
56, 3810
31, 3811
55, 3812
32, 3813
54, 3814
32, 3815
55, 3816
55, 3817
32, 3818
54, 3819
55, 3820
32, 3821
55, 3822
56, 3823
32, 3824
55, 3825
55, 3826
32, 3827
55, 3828
53, 3829
32, 3830
55, 3831
32, 3832
56, 3833
55, 3834
32, 3835
55, 3836
55, 3837
31, 3838
55, 3839
32, 3840
53, 3841
53, 3842
31, 3843
55, 3844
30, 3845
32, 3846
54, 3847
31, 3848
56, 3849
54, 3850
31, 3851
53, 3852
31, 3853
55, 3854
31, 3855
54, 3856
31, 3857
54, 3858
31, 3859
53, 3860
31, 3861
54, 3862
32, 3863
54, 3864
31, 3865
52, 3866
31, 3867
31, 3868
54, 3869
31, 3870
54, 3871
53, 3872
31, 3873
55, 3874
30, 3875
29, 3876
31, 3877
54, 3878
31, 3879
53, 3880
31, 3881
53, 3882
30, 3883
31, 3884
54, 3885
31, 3886
30, 3887
54, 3888
31, 3889
54, 3890
31, 3891
54, 3892
31, 3893
53, 3894
30, 3895
31, 3896
53, 3897
31, 3898
30, 3899
54, 3900
30, 3901
31, 3902
52, 3903
29, 3904
30, 3905
30, 3906
30, 3907
53, 3908
30, 3909
30, 3910
52, 3911
30, 3912
31, 3913
29, 3914
30, 3915
52, 3916
31, 3917
30, 3918
30, 3919
53, 3920
30, 3921
29, 3922
30, 3923
30, 3924
53, 3925
30, 3926
30, 3927
53, 3928
30, 3929
28, 3930
30, 3931
30, 3932
30, 3933
30, 3934
30, 3935
30, 3936
51, 3937
29, 3938
30, 3939
30, 3940
30, 3941
30, 3942
30, 3943
30, 3944
30, 3945
30, 3946
51, 3947
29, 3948
30, 3949
29, 3950
30, 3951
29, 3952
29, 3953
26, 3954
27, 3955
27, 3956
27, 3957
27, 3958
20, 3959
19, 3960
19, 3961
17, 3962
19, 3963
12, 3964
12, 3965
13, 3966
16, 3967
16, 3968
20, 3969
21, 3970
21, 3971
21, 3972
21, 3973
21, 3974
21, 3975
29, 3976
30, 3977
29, 3978
29, 3979
29, 3980
29, 3981
29, 3982
29, 3983
20, 3984
29, 3985
29, 3986
29, 3987
28, 3988
29, 3989
20, 3990
29, 3991
30, 3992
30, 3993
29, 3994
28, 3995
20, 3996
29, 3997
26, 3998
20, 3999
20, 4000
20, 4001
29, 4002
29, 4003
29, 4004
29, 4005
20, 4006
29, 4007
19, 4008
20, 4009
29, 4010
29, 4011
20, 4012
29, 4013
29, 4014
29, 4015
20, 4016
29, 4017
20, 4018
29, 4019
20, 4020
29, 4021
20, 4022
29, 4023
20, 4024
28, 4025
19, 4026
18, 4027
19, 4028
18, 4029
20, 4030
20, 4031
20, 4032
20, 4033
20, 4034
20, 4035
20, 4036
20, 4037
20, 4038
20, 4039
20, 4040
29, 4041
29, 4042
19, 4043
20, 4044
20, 4045
20, 4046
29, 4047
20, 4048
28, 4049
20, 4050
19, 4051
19, 4052
19, 4053
20, 4054
20, 4055
20, 4056
20, 4057
28, 4058
19, 4059
19, 4060
20, 4061
20, 4062
20, 4063
19, 4064
19, 4065
20, 4066
19, 4067
19, 4068
19, 4069
20, 4070
20, 4071
19, 4072
20, 4073
19, 4074
18, 4075
20, 4076
19, 4077
20, 4078
20, 4079
20, 4080
20, 4081
19, 4082
20, 4083
19, 4084
19, 4085
20, 4086
19, 4087
19, 4088
20, 4089
19, 4090
19, 4091
19, 4092
19, 4093
19, 4094
19, 4095
19, 4096
19, 4097
19, 4098
20, 4099
19, 4100